MEDIA_ID,MEDIA_NAME,CNT,TIME(2023/09/06 18:05:35.198),TIMETICK(f=10000000),FPOGX,FPOGY,FPOGS,FPOGD,FPOGID,FPOGV,BPOGX,BPOGY,BPOGV,CX,CY,CS,KB,KBS,USER,LPCX,LPCY,LPD,LPS,LPV,RPCX,RPCY,RPD,RPS,RPV,BKID,BKDUR,BKPMIN,LPMM,LPMMV,RPMM,RPMMV,DIAL,DIALV,GSR,GSRV,HR,HRV,HRP,IBI,TTL0,TTL1,TTL2,TTL3,TTL4,TTL5,TTL6,TTLV,PIXS,PIXV,AOI,SACCADE_MAG,SACCADE_DIR,VID_FRAME,
0,test,39,0.26123,6248617201134,0.39081,0.02746,0.00000,0.26123,1,1,0.38551,0.00195,1,0.36771,0.06481,0, ,0,,-0.01779,0.33034,34.37302,1.05117,0,0.25849,0.32264,24.51871,1.04191,1,0,0.00000,16,11.82254,0,4.48950,1,0.00000,0,0,0,0,0,0,0.000,1,1,1,1,1,1,1,0,0.00000,0,,0.00000,0.00000,0,
0,test,63,0.42172,6248618806044,0.39574,0.05158,0.26802,0.15370,2,1,0.39117,0.16027,1,0.36771,0.06481,0, ,0,,-0.01779,0.33034,34.37302,0.94311,0,0.25993,0.32378,24.88829,0.94311,1,0,0.00000,16,11.82254,0,4.60893,1,0.00000,0,0,0,0,0,0,0.000,1,1,1,1,1,1,1,0,0.00000,0,,27.71604,289.96948,0,
0,test,87,0.58231,6248620411940,0.31439,0.30217,0.44876,0.13354,3,1,0.31737,0.31198,1,0.36771,0.06481,0, ,0,,-0.01779,0.33034,34.37302,1.00598,0,0.25844,0.32861,24.75107,1.00598,1,0,0.00000,16,11.82254,0,4.84967,1,0.00000,0,0,0,0,0,0,0.000,1,1,1,1,1,1,1,0,0.00000,0,,312.47470,240.00960,0,
0,test,138,0.92440,6248623832879,0.30891,0.32257,0.58916,0.33524,4,1,0.27296,0.49398,1,0.36771,0.06481,0, ,0,,-0.01779,0.33034,34.37302,1.03265,0,0.26018,0.33443,27.56007,1.04191,1,0,0.00000,16,11.82254,0,5.11253,1,0.00000,0,0,0,0,0,0,0.000,1,1,1,1,1,1,1,0,0.00000,0,,24.41542,244.47285,0,
0,test,161,1.07841,6248625372857,0.25849,0.60846,0.95045,0.12795,5,1,0.27173,0.60331,1,0.36771,0.09630,0, ,0,,-0.01779,0.33034,34.37302,1.00763,0,0.26148,0.33678,26.43110,0.99027,1,0,0.00000,16,11.82254,0,4.83992,1,0.00000,0,0,0,0,0,0,0.000,1,1,1,1,1,1,1,0,0.00000,0,,323.58145,252.59213,0,
0,test,169,1.13174,6248625906214,0.29607,0.60381,1.08504,0.04671,6,1,0.35797,0.55714,0,0.37187,0.14444,0, ,0,,-0.01779,0.33034,34.37302,1.00598,0,0.26356,0.33623,25.53382,1.00598,0,0,0.00000,16,11.82254,0,5.01258,0,0.00000,0,0,0,0,0,0,0.000,1,1,1,1,1,1,1,0,0.00000,0,,72.32818,3.98143,0,
0,test,191,1.28582,6248627447085,0.40197,0.55882,1.24562,0.04020,7,1,0.39859,0.57566,0,0.41458,0.26944,0, ,0,,0.00234,0.33027,11.72624,0.94311,0,0.26649,0.33518,25.83776,0.94311,0,0,0.00000,17,3.89039,0,5.05070,0,0.00000,0,0,0,0,0,0,0.000,1,1,1,1,1,1,1,0,0.00000,0,,209.05307,13.43989,0,
0,test,251,1.68787,6248631467525,0.55057,0.37903,1.37326,0.31461,8,1,0.41043,0.51527,1,0.42500,0.31389,0, ,0,,0.00191,0.33058,12.25972,1.05117,1,0.26853,0.33590,25.30920,1.04191,1,0,0.00000,17,3.75973,1,4.91775,1,0.00000,0,0,0,0,0,0,0.000,1,1,1,1,1,1,1,0,0.00000,0,,345.11771,34.23781,0,
0,test,300,2.01582,6248634747037,0.35325,0.32172,1.87503,0.14079,9,1,0.34273,0.53216,1,0.42552,0.30741,0, ,0,,0.26837,0.33564,15.15476,1.05932,0,0.25807,0.33427,26.52385,1.06858,1,0,0.00000,18,4.64680,0,4.99484,1,0.00000,0,0,0,0,0,0,0.000,1,1,1,1,1,1,1,0,0.00000,0,,383.87717,170.72136,0,
0,test,325,2.18346,6248636423445,0.36335,0.52187,2.04290,0.14056,10,1,0.37302,0.41324,1,0.42552,0.30648,0, ,0,,0.26837,0.33564,15.15476,1.06858,0,0.25408,0.33345,25.73079,1.06048,1,0,0.00000,18,4.64680,0,5.11371,1,0.00000,0,0,0,0,0,0,0.000,1,1,1,1,1,1,1,0,0.00000,0,,217.03012,275.12631,0,
0,test,380,2.55312,6248640120084,0.34952,0.48147,2.19039,0.36273,11,1,0.35107,0.55610,1,0.42500,0.30648,0, ,0,,0.26837,0.33564,15.15476,1.00840,0,0.25159,0.33512,21.60381,1.00840,1,0,0.00000,17,4.64680,0,4.25617,1,0.00000,0,0,0,0,0,0,0.000,1,1,1,1,1,1,1,0,0.00000,0,,51.07690,121.32393,0,
0,test,452,3.03439,6248644932737,0.33935,0.57224,2.55941,0.47498,12,1,0.34222,0.54747,1,0.42500,0.30648,0, ,0,,0.26837,0.33564,15.15476,1.03270,0,0.25494,0.33612,19.38657,1.02460,1,0,0.00000,17,4.64680,0,3.88629,1,0.00000,0,0,0,0,0,0,0.000,1,1,1,1,1,1,1,0,0.00000,0,,99.95731,258.73499,0,
0,test,480,3.22158,6248646804717,0.32341,0.56020,3.04076,0.18082,13,1,0.30898,0.59726,1,0.42500,0.30648,0, ,0,,0.26837,0.33564,15.15476,1.02460,0,0.25481,0.33780,19.24102,1.01650,1,0,0.00000,17,4.64680,0,3.89035,1,0.00000,0,0,0,0,0,0,0.000,1,1,1,1,1,1,1,0,0.00000,0,,33.25261,156.98064,0,
0,test,520,3.48962,6248649485042,0.29341,0.58956,3.22810,0.26152,14,1,0.29185,0.61762,1,0.42292,0.34074,0, ,0,,0.26837,0.33564,15.15476,1.00840,0,0.25354,0.33823,19.60844,1.00840,1,0,0.00000,17,4.64680,0,3.91535,1,0.00000,0,0,0,0,0,0,0.000,1,1,1,1,1,1,1,0,0.00000,0,,65.75108,208.83279,0,
0,test,579,3.88452,6248653434063,0.32165,0.58271,3.49615,0.38838,15,1,0.34732,0.58311,1,0.42448,0.54352,0, ,0,,0.26837,0.33564,15.15476,1.04080,0,0.25956,0.34069,19.77355,1.04080,1,0,0.00000,17,4.64680,0,3.88015,1,0.00000,0,0,0,0,0,0,0.000,1,1,1,1,1,1,1,0,0.00000,0,,54.72313,7.76953,0,
0,test,724,4.85629,6248663151799,0.33398,0.58797,3.89170,0.96458,16,1,0.40280,0.58158,1,0.41354,0.61296,0, ,0,,0.26837,0.33564,15.15476,1.04080,0,0.24508,0.34273,22.56026,1.03270,1,0,0.00000,16,4.64680,0,4.70163,1,0.00000,0,0,0,0,0,0,0.000,1,1,1,1,1,1,1,0,0.00000,0,,24.34563,346.50626,0,
0,test,771,5.17118,6248666300691,0.88885,0.83868,4.90314,0.26804,17,1,0.86795,0.86010,1,0.41354,0.61296,0, ,0,,0.26837,0.33564,15.15476,1.04080,0,0.26285,0.35134,22.62587,1.04080,1,0,0.00000,16,4.64680,0,4.37654,1,0.00000,0,0,0,0,0,0,0.000,1,1,1,1,1,1,1,0,0.00000,0,,1099.22058,345.73978,0,
0,test,790,5.29836,6248667572500,0.83516,0.86535,5.17746,0.12090,18,1,0.70931,0.99098,0,0.40833,0.61296,0, ,0,,0.26837,0.33564,15.15476,1.04080,0,0.25858,0.34902,16.12211,1.04080,0,0,0.00000,16,4.64680,0,4.65320,0,0.00000,0,0,0,0,0,0,0.000,1,1,1,1,1,1,1,0,0.00000,0,,107.03320,195.61125,0,
0,test,830,5.56607,6248670249668,0.28231,0.61545,5.42514,0.14094,19,1,0.25622,0.59226,1,0.37240,0.61111,0, ,0,,0.26837,0.33564,15.15476,1.04080,0,0.24301,0.34109,21.92381,1.04080,1,0,0.00000,17,4.64680,0,4.40331,1,0.00000,0,0,0,0,0,0,0.000,1,1,1,1,1,1,1,0,0.00000,0,,1095.24622,165.73415,0,
0,test,954,6.39691,6248678557935,0.30753,0.57691,5.57281,0.82410,20,1,0.33062,0.61365,1,0.36562,0.61296,0, ,0,,0.26837,0.33564,15.15476,1.02460,0,0.25045,0.34201,19.48914,1.01650,1,0,0.00000,16,4.64680,0,4.03833,1,0.00000,0,0,0,0,0,0,0.000,1,1,1,1,1,1,1,0,0.00000,0,,63.85310,40.68192,0,
0,test,1027,6.88766,6248683465466,0.34540,0.57018,6.40367,0.48399,21,1,0.35154,0.58618,1,0.40885,0.61389,0, ,0,,0.26837,0.33564,15.15476,1.03270,0,0.25144,0.34429,20.90470,1.04080,1,0,0.00000,15,4.64680,0,4.24372,1,0.00000,0,0,0,0,0,0,0.000,1,1,1,1,1,1,1,0,0.00000,0,,73.07284,5.70855,0,
0,test,1067,7.15341,6248686122953,0.33054,0.59199,6.89549,0.25792,22,1,0.25239,0.64849,1,0.40990,0.61481,0, ,0,,0.26837,0.33564,15.15476,1.04080,0,0.25393,0.34728,21.53774,1.04080,1,0,0.00000,15,4.64680,0,4.27694,1,0.00000,0,0,0,0,0,0,0.000,1,1,1,1,1,1,1,0,0.00000,0,,36.99813,219.54239,0,
0,test,1118,7.49519,6248689540771,0.27915,0.64829,7.16024,0.33495,23,1,0.33575,0.59598,1,0.40990,0.63981,0, ,0,,0.26837,0.33564,15.15476,1.04080,0,0.25986,0.34744,21.52411,1.04080,1,0,0.00000,15,4.64680,0,4.38541,1,0.00000,0,0,0,0,0,0,0.000,1,1,1,1,1,1,1,0,0.00000,0,,115.89932,211.64319,0,
0,test,1194,8.00415,6248694630445,0.32683,0.62012,7.50185,0.50232,24,1,0.27224,0.61269,1,0.40000,0.63611,0, ,0,,0.26837,0.33564,15.15476,1.02460,0,0.24938,0.34560,20.77608,1.03270,1,0,0.00000,15,4.64680,0,4.11635,1,0.00000,0,0,0,0,0,0,0.000,1,1,1,1,1,1,1,0,0.00000,0,,96.46860,18.38333,0,
0,test,1268,8.49976,6248699586414,0.27033,0.62245,8.01089,0.48887,25,1,0.32985,0.61979,1,0.35313,0.63148,0, ,0,,0.26837,0.33564,15.15476,1.04080,0,0.25072,0.34572,19.59188,1.04080,1,0,0.00000,15,4.64680,0,3.93473,1,0.00000,0,0,0,0,0,0,0.000,1,1,1,1,1,1,1,0,0.00000,0,,108.50916,181.32881,0,
0,test,1339,8.97570,6248704345965,0.33647,0.61485,8.50655,0.46915,26,1,0.34809,0.67914,1,0.36302,0.63426,0, ,0,,0.26837,0.33564,15.15476,1.03270,0,0.26098,0.35167,20.76335,1.03270,1,0,0.00000,15,4.64680,0,4.12869,1,0.00000,0,0,0,0,0,0,0.000,1,1,1,1,1,1,1,0,0.00000,0,,127.25375,3.69821,0,
0,test,1395,9.35092,6248708098085,0.31492,0.68269,8.98248,0.36844,27,1,0.34767,0.64350,1,0.41146,0.71204,0, ,0,,0.26837,0.33564,15.15476,1.00840,0,0.26022,0.35275,21.38654,1.00840,1,0,0.00000,15,4.64680,0,4.20007,1,0.00000,0,0,0,0,0,0,0.000,1,1,1,1,1,1,1,0,0.00000,0,,84.14312,240.54543,0,
0,test,1428,9.57191,6248710307836,0.31907,0.67547,9.35744,0.21445,28,1,0.27786,0.71972,1,0.40104,0.72315,0, ,0,,0.26837,0.33564,15.15476,1.02460,0,0.25768,0.35389,21.81103,1.03270,1,0,0.00000,15,4.64680,0,4.36536,1,0.00000,0,0,0,0,0,0,0.000,1,1,1,1,1,1,1,0,0.00000,0,,11.14867,44.38094,0,
0,test,1467,9.83302,6248712919029,0.26437,0.73380,9.57854,0.25448,29,1,0.31357,0.68081,1,0.40052,0.72315,0, ,0,,0.26837,0.33564,15.15476,1.04080,0,0.26151,0.35440,22.61988,1.04080,1,0,0.00000,15,4.64680,0,4.38609,1,0.00000,0,0,0,0,0,0,0.000,1,1,1,1,1,1,1,0,0.00000,0,,122.46877,210.95653,0,
0,test,1566,10.49648,6248719553632,0.33431,0.70754,9.84004,0.65643,30,1,0.28333,0.71384,1,0.40833,0.72407,0, ,0,,0.26837,0.33564,15.15476,1.02460,0,0.26156,0.35362,21.18192,1.03270,1,0,0.00000,15,4.64680,0,4.26717,1,0.00000,0,0,0,0,0,0,0.000,1,1,1,1,1,1,1,0,0.00000,0,,137.24699,11.92555,0,
0,test,1593,10.67690,6248721357890,0.28631,0.72272,10.50320,0.17370,31,1,0.27877,0.73417,1,0.40729,0.72407,0, ,0,,0.26837,0.33564,15.15476,1.00840,0,0.25921,0.35398,21.82626,1.00840,1,0,0.00000,15,4.64680,0,4.28969,1,0.00000,0,0,0,0,0,0,0.000,1,1,1,1,1,1,1,0,0.00000,0,,93.60689,190.08690,0,
0,test,1650,11.05875,6248725176245,0.26309,0.73213,10.68378,0.37496,32,1,0.34455,0.71398,1,0.35938,0.72130,0, ,0,,0.26837,0.33564,15.15476,1.04080,0,0.26387,0.35324,22.31541,1.04080,1,0,0.00000,15,4.64680,0,4.35433,1,0.00000,0,0,0,0,0,0,0.000,1,1,1,1,1,1,1,0,0.00000,0,,45.72598,192.84138,0,
0,test,1691,11.33308,6248727919516,0.34352,0.71061,11.06546,0.26760,33,1,0.37182,0.70299,1,0.35938,0.72130,0, ,0,,0.26837,0.33564,15.15476,1.00840,0,0.26667,0.35427,21.14879,1.00840,1,0,0.00000,15,4.64680,0,4.13649,1,0.00000,0,0,0,0,0,0,0.000,1,1,1,1,1,1,1,0,0.00000,0,,156.16472,8.55900,0,
0,test,1713,11.48090,6248729397837,0.32989,0.72709,11.33997,0.14093,34,1,0.29718,0.77860,1,0.35938,0.72130,0, ,0,,0.26837,0.33564,15.15476,1.02460,0,0.26508,0.35522,21.55095,1.03270,1,0,0.00000,15,4.64680,0,4.16716,1,0.00000,0,0,0,0,0,0,0.000,1,1,1,1,1,1,1,0,0.00000,0,,31.64855,214.22044,0,
0,test,1740,11.66177,6248731206573,0.29905,0.74487,11.48828,0.17349,35,1,0.24331,0.73124,1,0.36250,0.72037,0, ,0,,0.26837,0.33564,15.15476,1.02460,0,0.26037,0.35454,21.76670,1.01650,1,0,0.00000,15,4.64680,0,4.22243,1,0.00000,0,0,0,0,0,0,0.000,1,1,1,1,1,1,1,0,0.00000,0,,62.24857,197.96761,0,
0,test,1803,12.08363,6248735425079,0.26143,0.76460,11.66840,0.41522,36,1,0.31329,0.73242,1,0.36042,0.75648,0, ,0,,0.26837,0.33564,15.15476,1.04080,0,0.26008,0.35498,22.67568,1.04080,1,0,0.00000,15,4.64680,0,4.36487,1,0.00000,0,0,0,0,0,0,0.000,1,1,1,1,1,1,1,0,0.00000,0,,75.30793,196.43637,0,
0,test,1855,12.43185,6248738907328,0.31667,0.76247,12.09035,0.34151,37,1,0.33569,0.79234,1,0.40625,0.76389,0, ,0,,0.26837,0.33564,15.15476,1.00840,0,0.26113,0.35550,22.52761,1.01650,1,0,0.00000,15,4.64680,0,4.36835,1,0.00000,0,0,0,0,0,0,0.000,1,1,1,1,1,1,1,0,0.00000,0,,106.08576,1.24253,0,
0,test,1879,12.59290,6248740517853,0.29044,0.78929,12.43846,0.15444,38,1,0.24418,0.80214,1,0.40052,0.76111,0, ,0,,0.26837,0.33564,15.15476,1.05006,0,0.25576,0.35528,21.44486,1.04080,1,0,0.00000,15,4.64680,0,4.22682,1,0.00000,0,0,0,0,0,0,0.000,1,1,1,1,1,1,1,0,0.00000,0,,58.09735,209.90549,0,
0,test,2002,13.41685,6248748757300,0.24723,0.77592,12.59946,0.81739,39,1,0.33721,0.79469,1,0.35313,0.76296,0, ,0,,0.26837,0.33564,15.15476,1.01650,0,0.26440,0.35732,20.72009,1.01650,1,0,0.00000,15,4.64680,0,4.04984,1,0.00000,0,0,0,0,0,0,0.000,1,1,1,1,1,1,1,0,0.00000,0,,84.21042,170.12665,0,
0,test,2102,14.08865,6248755475387,0.33120,0.76005,13.42310,0.66556,40,1,0.33899,0.55815,1,0.38438,0.74630,0, ,0,,0.26837,0.33564,15.15476,1.04080,0,0.26103,0.35224,19.73148,1.04080,1,0,0.00000,15,4.64680,0,3.92220,1,0.00000,0,0,0,0,0,0,0.000,1,1,1,1,1,1,1,0,0.00000,0,,162.13091,6.06833,0,
0,test,2136,14.31385,6248757727327,0.34693,0.53147,14.11343,0.20042,41,1,0.35960,0.43718,1,0.38594,0.74352,0, ,0,,0.26837,0.33564,15.15476,1.02460,0,0.25933,0.34807,19.88848,1.03270,1,0,0.00000,14,4.64680,0,3.92414,1,0.00000,0,0,0,0,0,0,0.000,1,1,1,1,1,1,1,0,0.00000,0,,248.70695,83.02510,0,
0,test,2158,14.46140,6248759202785,0.37389,0.42859,14.32067,0.14072,42,1,0.39033,0.40799,1,0.38594,0.74074,0, ,0,,0.26837,0.33564,15.15476,1.04080,0,0.25918,0.34693,20.02823,1.04080,1,0,0.00000,14,4.64680,0,4.10289,1,0.00000,0,0,0,0,0,0,0.000,1,1,1,1,1,1,1,0,0.00000,0,,122.57633,65.02050,0,
0,test,2175,14.57556,6248760344432,0.36606,0.44872,14.46841,0.10716,43,1,0.36175,0.49250,1,0.38646,0.73704,0, ,0,,0.26837,0.33564,15.15476,1.04080,0,0.25788,0.34854,19.75007,1.04080,1,0,0.00000,14,4.64680,0,4.04314,1,0.00000,0,0,0,0,0,0,0.000,1,1,1,1,1,1,1,0,0.00000,0,,26.43210,235.33591,0,
0,test,2196,14.71616,6248761750462,0.35649,0.50913,14.58218,0.13399,44,1,0.37310,0.68350,1,0.38646,0.73704,0, ,0,,0.26837,0.33564,15.15476,1.00840,0,0.25767,0.35177,21.45260,1.00840,1,0,0.00000,14,4.64680,0,4.08269,1,0.00000,0,0,0,0,0,0,0.000,1,1,1,1,1,1,1,0,0.00000,0,,67.78085,254.27109,0,
0,test,2231,14.95062,6248764095068,0.31674,0.76297,14.74307,0.20755,45,1,0.30036,0.69283,1,0.38646,0.73704,0, ,0,,0.26837,0.33564,15.15476,1.04080,0,0.25715,0.35435,21.13753,1.04080,1,0,0.00000,14,4.64680,0,4.16910,1,0.00000,0,0,0,0,0,0,0.000,1,1,1,1,1,1,1,0,0.00000,0,,284.57230,254.44330,0,
0,test,2257,15.12445,6248765833437,0.32151,0.73600,14.95742,0.16703,46,1,0.33339,0.76949,1,0.39740,0.75556,0, ,0,,0.26837,0.33564,15.15476,1.03270,0,0.25727,0.35599,22.38890,1.04080,1,0,0.00000,14,4.64680,0,4.29119,1,0.00000,0,0,0,0,0,0,0.000,1,1,1,1,1,1,1,0,0.00000,0,,30.53344,72.54563,0,
0,test,2378,15.93563,6248773945157,0.32514,0.76660,15.13150,0.80413,47,1,0.31966,0.63876,1,0.40885,0.77500,0, ,0,,0.26837,0.33564,15.15476,1.04080,0,0.25433,0.35384,22.22821,1.04080,1,0,0.00000,14,4.64680,0,4.32369,1,0.00000,0,0,0,0,0,0,0.000,1,1,1,1,1,1,1,0,0.00000,0,,33.77496,281.90878,0,
0,test,2411,16.15614,6248776150174,0.34613,0.44573,15.96186,0.19427,48,1,0.35793,0.51745,1,0.41771,0.51019,0, ,0,,0.26837,0.33564,15.15476,1.01650,0,0.25319,0.34904,20.71673,1.02460,1,0,0.00000,14,4.64680,0,4.31831,1,0.00000,0,0,0,0,0,0,0.000,1,1,1,1,1,1,1,0,0.00000,0,,348.87518,83.36658,0,
0,test,2480,16.61845,6248780773330,0.35788,0.48600,16.16297,0.45547,49,1,0.33728,0.51719,1,0.41563,0.49537,0, ,0,,0.26837,0.33564,15.15476,1.03270,0,0.25149,0.34874,20.54769,1.02460,1,0,0.00000,14,4.64680,0,4.06006,1,0.00000,0,0,0,0,0,0,0.000,1,1,1,1,1,1,1,0,0.00000,0,,48.99460,297.41663,0,
0,test,2541,17.02679,6248784856759,0.33126,0.70370,16.64559,0.38120,50,1,0.37072,0.77796,1,0.41563,0.49537,0, ,0,,0.26837,0.33564,15.15476,1.05932,0,0.25692,0.35645,23.18266,1.06858,1,0,0.00000,14,4.64680,0,4.43756,1,0.00000,0,0,0,0,0,0,0.000,1,1,1,1,1,1,1,0,0.00000,0,,240.60719,257.73563,0,
0,test,2575,17.25502,6248787139094,0.35432,0.75947,17.03363,0.22139,51,1,0.36037,0.66900,1,0.41563,0.49537,0, ,0,,0.26837,0.33564,15.15476,1.04080,0,0.25978,0.35324,23.96856,1.03270,1,0,0.00000,14,4.64680,0,4.50710,1,0.00000,0,0,0,0,0,0,0.000,1,1,1,1,1,1,1,0,0.00000,0,,74.75384,306.31897,0,
0,test,2642,17.70372,6248791626105,0.37632,0.48126,17.28157,0.42215,52,1,0.38416,0.70278,1,0.44792,0.50093,0, ,0,,0.26837,0.33564,15.15476,1.01650,0,0.25807,0.35410,22.57825,1.02460,1,0,0.00000,14,4.64680,0,4.31671,1,0.00000,0,0,0,0,0,0,0.000,1,1,1,1,1,1,1,0,0.00000,0,,303.42136,81.99772,0,
0,test,2737,18.33997,6248797988480,0.34536,0.74680,17.73027,0.60970,53,1,0.36652,0.69070,1,0.43021,0.49352,0, ,0,,0.26837,0.33564,15.15476,1.01650,0,0.25206,0.35229,23.51730,1.01650,1,0,0.00000,14,4.64680,0,4.49359,1,0.00000,0,0,0,0,0,0,0.000,1,1,1,1,1,1,1,0,0.00000,0,,292.87900,258.28979,0,
0,test,2784,18.65443,6248801133064,0.38752,0.43872,18.36650,0.28791,54,1,0.38058,0.57937,1,0.43333,0.49444,0, ,0,,0.26837,0.33564,15.15476,1.02460,0,0.25384,0.34991,21.56939,1.01650,1,0,0.00000,14,4.64680,0,4.42432,1,0.00000,0,0,0,0,0,0,0.000,1,1,1,1,1,1,1,0,0.00000,0,,342.43146,76.32647,0,
0,test,2836,19.00270,6248804615891,0.34102,0.75823,18.68135,0.32134,55,1,0.39365,0.75288,1,0.43333,0.49444,0, ,0,,0.26837,0.33564,15.15476,1.03270,0,0.25650,0.35624,22.73706,1.03270,1,0,0.00000,14,4.64680,0,4.35439,1,0.00000,0,0,0,0,0,0,0.000,1,1,1,1,1,1,1,0,0.00000,0,,356.43338,255.49399,0,
0,test,2864,19.19051,6248806493935,0.36043,0.77449,19.00967,0.18084,56,1,0.35887,0.64062,1,0.43437,0.50093,0, ,0,,0.26837,0.33564,15.15476,1.03270,0,0.25479,0.35374,21.91082,1.02460,1,0,0.00000,14,4.64680,0,4.42555,1,0.00000,0,0,0,0,0,0,0.000,1,1,1,1,1,1,1,0,0.00000,0,,41.19749,334.76953,0,
0,test,2906,19.47195,6248809308421,0.41608,0.46186,19.21778,0.25417,57,1,0.35867,0.58131,1,0.44323,0.51296,0, ,0,,0.26837,0.33564,15.15476,1.03270,0,0.25354,0.35107,20.88247,1.02460,1,0,0.00000,14,4.64680,0,4.27947,1,0.00000,0,0,0,0,0,0,0.000,1,1,1,1,1,1,1,0,0.00000,0,,354.14337,72.43977,0,
0,test,2938,19.68587,6248811447614,0.34690,0.60437,19.49879,0.18708,58,1,0.33884,0.73634,1,0.44688,0.64630,0, ,0,,0.26837,0.33564,15.15476,1.03270,0,0.25410,0.35665,21.83726,1.04080,1,0,0.00000,14,4.64680,0,4.20889,1,0.00000,0,0,0,0,0,0,0.000,1,1,1,1,1,1,1,0,0.00000,0,,203.30070,229.20567,0,
0,test,2994,20.06121,6248815200949,0.34749,0.77073,19.71317,0.34805,59,1,0.19864,0.80168,1,0.44271,0.76296,0, ,0,,0.26837,0.33564,15.15476,1.04080,0,0.25229,0.35713,21.89843,1.04080,1,0,0.00000,14,4.64680,0,4.34905,1,0.00000,0,0,0,0,0,0,0.000,1,1,1,1,1,1,1,0,0.00000,0,,179.67239,270.36127,0,
0,test,3106,20.81134,6248822702245,0.19342,0.80419,20.09103,0.72031,60,1,0.27392,0.71170,1,0.44375,0.77778,0, ,0,,0.26837,0.33564,15.15476,1.00840,0,0.25432,0.35269,19.24972,1.01650,1,0,0.00000,14,4.64680,0,3.92440,1,0.00000,0,0,0,0,0,0,0.000,1,1,1,1,1,1,1,0,0.00000,0,,298.01352,186.96477,0,
0,test,3228,21.62849,6248830873718,0.39719,0.41963,20.83828,0.79020,61,1,0.38970,0.42537,1,0.45625,0.52685,0, ,0,,0.26837,0.33564,15.15476,1.04080,0,0.25382,0.34644,19.30399,1.04080,1,0,0.00000,14,4.64680,0,3.68850,1,0.00000,0,0,0,0,0,0,0.000,1,1,1,1,1,1,1,0,0.00000,0,,570.58057,46.71052,0,
0,test,3280,21.97723,6248834361156,0.39649,0.41805,21.63574,0.34149,62,1,0.45111,0.40126,1,0.45729,0.49722,0, ,0,,0.26837,0.33564,15.15476,1.04080,0,0.25798,0.34615,19.87073,1.04080,1,0,0.00000,14,4.64680,0,3.84388,1,0.00000,0,0,0,0,0,0,0.000,1,1,1,1,1,1,1,0,0.00000,0,,2.17212,128.22482,0,
0,test,3296,22.08440,6248835432852,0.40500,0.57286,22.00402,0.08037,63,1,0.40081,0.57591,1,0.45729,0.49722,0, ,0,,0.26837,0.33564,15.15476,1.04080,0,0.25417,0.34888,18.95042,1.04080,1,0,0.00000,14,4.64680,0,3.82686,1,0.00000,0,0,0,0,0,0,0.000,1,1,1,1,1,1,1,0,0.00000,0,,167.99127,275.58151,0,
0,test,3335,22.34551,6248838043999,0.37149,0.60240,22.09103,0.25449,64,1,0.44140,0.53893,1,0.46927,0.61019,0, ,0,,0.26837,0.33564,15.15476,1.01650,0,0.25627,0.34976,19.34859,1.02460,1,0,0.00000,14,4.64680,0,4.11092,1,0.00000,0,0,0,0,0,0,0.000,1,1,1,1,1,1,1,0,0.00000,0,,71.81464,206.37497,0,
0,test,3365,22.54659,6248840054696,0.41716,0.54297,22.35231,0.19427,65,1,0.46599,0.45293,1,0.49375,0.57130,0, ,0,,0.26837,0.33564,15.15476,1.04080,0,0.25697,0.34845,19.79138,1.04080,1,0,0.00000,14,4.64680,0,4.27608,1,0.00000,0,0,0,0,0,0,0.000,1,1,1,1,1,1,1,0,0.00000,0,,108.66711,36.20325,0,
0,test,3443,23.06927,6248845281493,0.43744,0.47560,22.55329,0.51598,66,1,0.42447,0.54643,1,0.48490,0.52593,0, ,0,,0.26837,0.33564,15.15476,1.01650,0,0.25576,0.34983,18.78284,1.02460,1,0,0.00000,13,4.64680,0,3.97256,1,0.00000,0,0,0,0,0,0,0.000,1,1,1,1,1,1,1,0,0.00000,0,,82.52331,61.84633,0,
0,test,3514,23.54467,6248850035652,0.44124,0.53883,23.07574,0.46894,67,1,0.49066,0.49204,1,0.48385,0.52407,0, ,0,,0.26837,0.33564,15.15476,1.03270,0,0.26326,0.35054,19.97514,1.04080,1,0,0.00000,13,4.64680,0,4.20983,1,0.00000,0,0,0,0,0,0,0.000,1,1,1,1,1,1,1,0,0.00000,0,,68.67704,276.09842,0,
0,test,3551,23.79248,6248852513675,0.46047,0.52283,23.55141,0.24107,68,1,0.38193,0.40495,1,0.51198,0.53796,0, ,0,,0.26837,0.33564,15.15476,1.03270,0,0.25869,0.34732,19.56593,1.02460,1,0,0.00000,13,4.64680,0,4.09474,1,0.00000,0,0,0,0,0,0,0.000,1,1,1,1,1,1,1,0,0.00000,0,,40.76512,25.08049,0,
0,test,3569,23.91302,6248853719037,0.44268,0.46221,23.79920,0.11382,69,1,0.49095,0.50311,1,0.52188,0.52870,0, ,0,,0.26837,0.33564,15.15476,1.04080,0,0.26316,0.35011,19.78290,1.04080,1,0,0.00000,13,4.64680,0,4.05092,1,0.00000,0,0,0,0,0,0,0.000,1,1,1,1,1,1,1,0,0.00000,0,,73.84413,117.55190,0,
0,test,3595,24.08721,6248855460943,0.48224,0.47976,23.91967,0.16754,70,1,0.50549,0.44531,1,0.53125,0.49444,0, ,0,,0.26837,0.33564,15.15476,1.04080,0,0.26091,0.34922,19.86258,1.04080,1,0,0.00000,13,4.64680,0,4.11634,1,0.00000,0,0,0,0,0,0,0.000,1,1,1,1,1,1,1,0,0.00000,0,,78.28434,345.98843,0,
0,test,3634,24.34947,6248858083548,0.49023,0.45812,24.09362,0.25584,71,1,0.46871,0.56257,1,0.52917,0.49074,0, ,0,,0.26837,0.33564,15.15476,1.04080,0,0.25817,0.35016,20.25274,1.04080,1,0,0.00000,13,4.64680,0,4.16456,1,0.00000,0,0,0,0,0,0,0.000,1,1,1,1,1,1,1,0,0.00000,0,,27.95630,56.71918,0,
0,test,3706,24.82999,6248862888734,0.48585,0.52874,24.35513,0.47485,72,1,0.46577,0.49333,1,0.51510,0.49537,0, ,0,,0.26837,0.33564,15.15476,1.03270,0,0.25584,0.34745,19.57583,1.03270,1,0,0.00000,13,4.64680,0,4.17692,1,0.00000,0,0,0,0,0,0,0.000,1,1,1,1,1,1,1,0,0.00000,0,,76.73181,263.70795,0,
0,test,3757,25.17217,6248866310572,0.47087,0.45993,24.83691,0.33527,73,1,0.47808,0.52920,1,0.50781,0.49074,0, ,0,,0.26837,0.33564,15.15476,1.00840,0,0.25327,0.34869,19.40900,1.00840,1,0,0.00000,12,4.64680,0,4.16514,1,0.00000,0,0,0,0,0,0,0.000,1,1,1,1,1,1,1,0,0.00000,0,,79.68639,111.15766,0,
0,test,3802,25.47351,6248869324042,0.48751,0.51672,25.17884,0.29467,74,1,0.56016,0.51519,1,0.50781,0.49259,0, ,0,,0.26837,0.33564,15.15476,1.04080,0,0.25927,0.34897,19.51971,1.04080,1,0,0.00000,12,4.64680,0,3.99118,1,0.00000,0,0,0,0,0,0,0.000,1,1,1,1,1,1,1,0,0.00000,0,,69.15554,297.51523,0,
0,test,3843,25.74838,6248872072684,0.55817,0.51641,25.47995,0.26842,75,1,0.58103,0.38314,1,0.56667,0.56111,0, ,0,,0.26837,0.33564,15.15476,1.04080,0,0.26438,0.34962,19.46347,1.04080,1,0,0.00000,12,4.64680,0,3.96015,1,0.00000,0,0,0,0,0,0,0.000,1,1,1,1,1,1,1,0,0.00000,0,,135.66765,0.14141,0,
0,test,3909,26.19046,6248876493482,0.56407,0.42774,25.75515,0.43530,76,1,0.57986,0.52000,1,0.57500,0.56296,0, ,0,,0.26837,0.33564,15.15476,1.02460,0,0.26591,0.35182,18.96264,1.03270,1,0,0.00000,12,4.64680,0,3.92104,1,0.00000,0,0,0,0,0,0,0.000,1,1,1,1,1,1,1,0,0.00000,0,,96.43125,83.25375,0,
0,test,3934,26.35741,6248878162980,0.58123,0.52352,26.19688,0.16053,77,1,0.63366,0.49492,1,0.61615,0.58611,0, ,0,,0.26837,0.33564,15.15476,1.03270,0,0.26823,0.35205,19.29537,1.04080,1,0,0.00000,12,4.64680,0,3.96429,1,0.00000,0,0,0,0,0,0,0.000,1,1,1,1,1,1,1,0,0.00000,0,,108.56264,287.66705,0,
0,test,3968,26.58525,6248880441327,0.60962,0.51723,26.36456,0.22069,78,1,0.59486,0.48757,0,0.62604,0.57685,0, ,0,,0.26837,0.33564,15.15476,1.00840,0,0.27003,0.35273,19.68125,1.00840,0,0,0.00000,12,4.64680,0,3.98949,0,0.00000,0,0,0,0,0,0,0.000,1,1,1,1,1,1,1,0,0.00000,0,,54.93046,7.10392,0,
0,test,4053,27.15499,6248886138778,0.59906,0.47858,26.59241,0.56258,79,1,0.58250,0.48963,1,0.63073,0.53704,0, ,0,,-0.00054,0.35062,14.45369,0.94310,0,0.26922,0.35040,20.41138,0.94310,1,0,0.00000,12,3.32485,0,3.88525,1,0.00000,0,0,0,0,0,0,0.000,1,1,1,1,1,1,1,0,0.00000,0,,46.40557,115.90701,0,
0,test,4095,27.43626,6248888951384,0.60602,0.45472,27.16146,0.27480,80,1,0.60059,0.48897,1,0.63177,0.49167,0, ,0,,-0.00054,0.35062,14.45369,0.94310,0,0.26732,0.35019,20.58595,0.94310,1,0,0.00000,12,3.32485,0,4.10389,1,0.00000,0,0,0,0,0,0,0.000,1,1,1,1,1,1,1,0,0.00000,0,,29.02766,62.58969,0,
0,test,4135,27.70438,6248891632514,0.28918,0.57778,27.48318,0.22118,81,1,0.30371,0.54481,1,0.63177,0.49167,0, ,0,,-0.00054,0.35062,14.45369,1.00598,0,0.25314,0.35148,21.62012,1.00598,1,0,0.00000,12,3.32485,0,4.30655,1,0.00000,0,0,0,0,0,0,0.000,1,1,1,1,1,1,1,0,0.00000,0,,622.68158,192.32399,0,
0,test,4165,27.90493,6248893638127,0.30242,0.55270,27.71078,0.19416,82,1,0.28333,0.62000,1,0.63177,0.49167,0, ,0,,-0.00054,0.35062,14.45369,0.94310,0,0.25283,0.35112,20.54167,0.94310,1,0,0.00000,12,3.32485,0,4.14163,1,0.00000,0,0,0,0,0,0,0.000,1,1,1,1,1,1,1,0,0.00000,0,,37.14683,46.81701,0,
0,test,4231,28.34702,6248898058992,0.28710,0.60272,27.91149,0.43552,83,1,0.27114,0.64317,1,0.28958,0.59352,0, ,0,,-0.00054,0.35062,14.45369,0.95121,0,0.25121,0.35063,19.90867,0.94310,1,0,0.00000,12,3.32485,0,4.01536,1,0.00000,0,0,0,0,0,0,0.000,1,1,1,1,1,1,1,0,0.00000,0,,61.51053,241.43205,0,
0,test,4281,28.68877,6248901476485,0.27993,0.58395,28.35392,0.33485,84,1,0.30449,0.52943,1,0.35313,0.57685,0, ,0,,-0.00054,0.35062,14.45369,1.00598,0,0.25240,0.35126,20.64001,1.00598,1,0,0.00000,12,3.32485,0,4.04128,1,0.00000,0,0,0,0,0,0,0.000,1,1,1,1,1,1,1,0,0.00000,0,,24.50418,124.18028,0,
0,test,4320,28.94991,6248904087972,0.29015,0.58476,28.69531,0.25460,85,1,0.28304,0.62558,1,0.35313,0.57685,0, ,0,,-0.00054,0.35062,14.45369,0.95121,0,0.25540,0.35139,20.15728,0.94310,1,0,0.00000,12,3.32485,0,4.05782,1,0.00000,0,0,0,0,0,0,0.000,1,1,1,1,1,1,1,0,0.00000,0,,19.64187,357.44711,0,
0,test,4342,29.09682,6248905557064,0.31124,0.60295,28.95702,0.13981,86,1,0.46627,0.52991,1,0.35313,0.57685,0, ,0,,-0.00054,0.35062,14.45369,1.02783,0,0.26132,0.35136,19.56956,1.01047,1,0,0.00000,12,3.32485,0,4.38271,1,0.00000,0,0,0,0,0,0,0.000,1,1,1,1,1,1,1,0,0.00000,0,,45.00665,334.11960,0,
0,test,4379,29.34515,6248908040215,0.56391,0.51869,29.12383,0.22131,87,1,0.59496,0.41346,1,0.64010,0.49259,0, ,0,,-0.00054,0.35062,14.45369,1.00598,0,0.26753,0.35005,21.08363,1.00598,1,0,0.00000,12,3.32485,0,4.16361,1,0.00000,0,0,0,0,0,0,0.000,1,1,1,1,1,1,1,0,0.00000,0,,493.58777,10.62417,0,
0,test,4421,29.62634,6248910852206,0.59632,0.45274,29.35211,0.27422,88,1,0.61586,0.45231,1,0.63542,0.48981,0, ,0,,-0.00132,0.35277,19.10680,0.98216,1,0.26971,0.35166,21.21469,0.99026,1,0,0.00000,12,3.69064,1,4.26179,1,0.00000,0,0,0,0,0,0,0.000,1,1,1,1,1,1,1,0,0.00000,0,,94.57982,48.85769,0,
0,test,4458,29.87406,6248913329475,0.59457,0.45737,29.63354,0.24052,89,1,0.58614,0.49846,1,0.62813,0.49352,0, ,0,,0.00229,0.35191,12.25376,0.95072,1,0.27083,0.35128,21.05189,0.95882,1,0,0.00000,12,3.68998,1,4.35921,1,0.00000,0,0,0,0,0,0,0.000,1,1,1,1,1,1,1,0,0.00000,0,,6.02441,236.10112,0,
0,test,4500,30.15818,6248916170757,0.59277,0.53448,29.88098,0.27721,90,1,0.58617,0.49233,1,0.62813,0.49352,0, ,0,,-0.00288,0.35395,20.59054,0.95882,0,0.26696,0.35002,21.29965,0.95882,1,0,0.00000,12,3.81430,0,4.27242,1,0.00000,0,0,0,0,0,0,0.000,1,1,1,1,1,1,1,0,0.00000,0,,83.35046,267.62369,0,
0,test,4525,30.32334,6248917822229,0.60797,0.46312,30.16312,0.16022,91,1,0.61807,0.47196,1,0.62865,0.49444,0, ,0,,-0.00288,0.35395,20.59054,1.00598,0,0.26588,0.34998,21.18769,1.00598,1,0,0.00000,12,3.81430,0,4.20311,1,0.00000,0,0,0,0,0,0,0.000,1,1,1,1,1,1,1,0,0.00000,0,,82.40936,69.25961,0,
0,test,4572,30.63790,6248920967859,0.61012,0.50061,30.32988,0.30801,92,1,0.60654,0.52989,1,0.63021,0.49537,0, ,0,,-0.00288,0.35395,20.59054,1.01524,0,0.26614,0.35163,20.28291,1.00598,1,0,0.00000,12,3.81430,0,4.06945,1,0.00000,0,0,0,0,0,0,0.000,1,1,1,1,1,1,1,0,0.00000,0,,40.69909,275.82144,0,
0,test,4600,30.82572,6248922846074,0.61673,0.52786,30.64476,0.18096,93,1,0.67369,0.55860,1,0.63021,0.49537,0, ,0,,-0.00288,0.35395,20.59054,0.96644,0,0.26839,0.35305,21.51624,0.97454,1,0,0.00000,12,3.81430,0,4.19330,1,0.00000,0,0,0,0,0,0,0.000,1,1,1,1,1,1,1,0,0.00000,0,,32.04980,293.32727,0,
0,test,4626,30.99996,6248924588438,0.63549,0.56249,30.83242,0.16754,94,1,0.51008,0.60903,1,0.63021,0.49537,0, ,0,,-0.00288,0.35395,20.59054,0.94310,0,0.26153,0.35281,21.55747,0.94310,1,0,0.00000,12,3.81430,0,4.41436,1,0.00000,0,0,0,0,0,0,0.000,1,1,1,1,1,1,1,0,0.00000,0,,51.92465,313.92224,0,
0,test,4661,31.23421,6248926930960,0.31565,0.60253,31.02642,0.20778,95,1,0.27500,0.62137,1,0.63021,0.49537,0, ,0,,-0.00288,0.35395,20.59054,0.94310,0,0.25249,0.35196,21.24484,0.94310,1,0,0.00000,12,3.81430,0,4.16915,1,0.00000,0,0,0,0,0,0,0.000,1,1,1,1,1,1,1,0,0.00000,0,,615.61346,184.02800,0,
0,test,4697,31.47855,6248929374328,0.28503,0.62433,31.24076,0.23778,96,1,0.33269,0.58830,1,0.63021,0.49537,0, ,0,,-0.00288,0.35395,20.59054,0.98216,0,0.25459,0.35154,19.61973,0.99026,1,0,0.00000,12,3.81430,0,3.82450,1,0.00000,0,0,0,0,0,0,0.000,1,1,1,1,1,1,1,0,0.00000,0,,63.32947,201.82477,0,
0,test,4710,31.56237,6248930212620,0.48046,0.60378,31.48439,0.07798,97,1,0.64568,0.55287,1,0.63021,0.49537,0, ,0,,-0.00288,0.35395,20.59054,0.99026,0,0.26713,0.35257,19.69363,0.99026,1,0,0.00000,12,3.81430,0,3.73713,1,0.00000,0,0,0,0,0,0,0.000,1,1,1,1,1,1,1,0,0.00000,0,,375.88132,3.38501,0,
0,test,4753,31.85028,6248933091622,0.64510,0.55577,31.58897,0.26131,98,1,0.44822,0.65622,1,0.63229,0.50000,0, ,0,,-0.00288,0.35395,20.59054,0.96644,0,0.25975,0.35392,18.32369,0.97454,1,0,0.00000,12,3.81430,0,3.82504,1,0.00000,0,0,0,0,0,0,0.000,1,1,1,1,1,1,1,0,0.00000,0,,320.33316,9.31518,0,
0,test,4781,32.03802,6248934968956,0.40994,0.69134,31.87709,0.16092,99,1,0.33857,0.78325,1,0.55781,0.57963,0, ,0,,-0.00288,0.35395,20.59054,0.96692,0,0.25455,0.35704,20.14245,0.95882,1,0,0.00000,12,3.81430,0,3.96456,1,0.00000,0,0,0,0,0,0,0.000,1,1,1,1,1,1,1,0,0.00000,0,,474.65387,197.96693,0,
0,test,4828,32.35719,6248938160764,0.33946,0.77931,32.04470,0.31249,100,1,0.31431,0.83732,1,0.52135,0.58981,0, ,0,,-0.00288,0.35395,20.59054,0.98264,0,0.25209,0.35861,21.29646,0.97454,1,0,0.00000,12,3.81430,0,4.01942,1,0.00000,0,0,0,0,0,0,0.000,1,1,1,1,1,1,1,0,0.00000,0,,165.34325,215.07220,0,
0,test,4868,32.62070,6248940795834,0.30094,0.80126,32.36272,0.25798,101,1,0.25726,0.75883,1,0.44115,0.66574,0, ,0,,-0.00288,0.35395,20.59054,0.98216,0,0.25453,0.35580,21.56199,0.99026,1,0,0.00000,12,3.81430,0,4.19252,1,0.00000,0,0,0,0,0,0,0.000,1,1,1,1,1,1,1,0,0.00000,0,,77.66476,197.77229,0,
0,test,4935,33.06956,6248945284504,0.26317,0.71992,32.62744,0.44212,102,1,0.34691,0.65857,1,0.36042,0.68333,0, ,0,,-0.00288,0.35395,20.59054,1.01469,0,0.25949,0.35564,20.47849,1.02394,1,0,0.00000,12,3.81430,0,4.14147,1,0.00000,0,0,0,0,0,0,0.000,1,1,1,1,1,1,1,0,0.00000,0,,113.91248,129.53987,0,
0,test,4986,33.41087,6248948697474,0.39345,0.71114,33.09610,0.31476,103,1,0.32093,0.78625,1,0.36042,0.68333,0, ,0,,-0.00288,0.35395,20.59054,0.95072,0,0.26052,0.35809,21.92240,0.95882,1,0,0.00000,12,3.81430,0,4.17562,1,0.00000,0,0,0,0,0,0,0.000,1,1,1,1,1,1,1,0,0.00000,0,,250.31726,2.17096,0,
0,test,5030,33.70599,6248951648782,0.29815,0.75897,33.41766,0.28834,104,1,0.24875,0.76532,1,0.41042,0.74259,0, ,0,,-0.00288,0.35395,20.59054,1.00598,0,0.25760,0.35769,22.61549,1.00598,1,0,0.00000,12,3.81430,0,4.40044,1,0.00000,0,0,0,0,0,0,0.000,1,1,1,1,1,1,1,0,0.00000,0,,190.12788,195.76505,0,
0,test,5083,34.06057,6248955194551,0.26986,0.75650,33.71221,0.34836,105,1,0.33111,0.74028,1,0.35052,0.72778,0, ,0,,-0.00288,0.35395,20.59054,0.96644,0,0.25713,0.35750,22.77370,0.97454,1,0,0.00000,12,3.81430,0,4.29329,1,0.00000,0,0,0,0,0,0,0.000,1,1,1,1,1,1,1,0,0.00000,0,,54.38224,177.18835,0,
0,test,5120,34.30834,6248957672247,0.31356,0.71655,34.06767,0.24067,106,1,0.33204,0.67887,1,0.39479,0.73056,0, ,0,,-0.00288,0.35395,20.59054,1.03320,0,0.25782,0.35718,22.40251,1.02394,1,0,0.00000,12,3.81430,0,4.21528,1,0.00000,0,0,0,0,0,0,0.000,1,1,1,1,1,1,1,0,0.00000,0,,94.34756,27.21364,0,
0,test,5136,34.41631,6248958751885,0.30489,0.79178,34.31541,0.10090,107,1,0.27564,0.84743,1,0.40417,0.73333,0, ,0,,-0.00288,0.35395,20.59054,0.99788,0,0.25734,0.35982,22.73601,1.00598,1,0,0.00000,12,3.81430,0,4.26558,1,0.00000,0,0,0,0,0,0,0.000,1,1,1,1,1,1,1,0,0.00000,0,,82.93617,258.42130,0,
0,test,5168,34.62997,6248960888632,0.28148,0.85431,34.42274,0.20724,108,1,0.23304,0.87126,1,0.38542,0.73611,0, ,0,,-0.00288,0.35395,20.59054,1.00598,0,0.25447,0.36010,23.57073,1.00598,1,0,0.00000,12,3.81430,0,4.46487,1,0.00000,0,0,0,0,0,0,0.000,1,1,1,1,1,1,1,0,0.00000,0,,81.12257,236.35368,0,
0,test,5192,34.79111,6248962500005,0.23698,0.83523,34.63694,0.15417,109,1,0.25201,0.78278,1,0.36615,0.74074,0, ,0,,-0.00288,0.35395,20.59054,0.94310,0,0.25347,0.35880,23.80248,0.94310,1,0,0.00000,12,3.81430,0,4.46657,1,0.00000,0,0,0,0,0,0,0.000,1,1,1,1,1,1,1,0,0.00000,0,,87.88983,166.44038,0,
0,test,5210,34.91169,6248963705765,0.25770,0.75792,34.79763,0.11405,110,1,0.26695,0.71813,1,0.35885,0.74444,0, ,0,,-0.00288,0.35395,20.59054,1.00598,0,0.25353,0.35725,23.19035,1.00598,1,0,0.00000,12,3.81430,0,4.50428,1,0.00000,0,0,0,0,0,0,0.000,1,1,1,1,1,1,1,0,0.00000,0,,92.48790,64.52380,0,
0,test,5249,35.17247,6248966313663,0.25960,0.73463,34.91811,0.25437,111,1,0.31830,0.78112,1,0.34792,0.72315,0, ,0,,-0.00288,0.35395,20.59054,0.94310,0,0.25781,0.35786,22.85643,0.94310,1,0,0.00000,12,3.81430,0,4.30856,1,0.00000,0,0,0,0,0,0,0.000,1,1,1,1,1,1,1,0,0.00000,0,,25.41643,81.74779,0,
0,test,5362,35.92953,6248973884082,0.30591,0.75771,35.17932,0.75020,112,1,0.30006,0.72702,1,0.39792,0.72222,0, ,0,,-0.00288,0.35395,20.59054,0.96644,0,0.25937,0.35846,22.38210,0.97454,1,0,0.00000,12,3.81430,0,4.23382,1,0.00000,0,0,0,0,0,0,0.000,1,1,1,1,1,1,1,0,0.00000,0,,92.34298,344.33972,0,
0,test,5430,36.38538,6248978442575,0.31441,0.76329,35.93626,0.44912,113,1,0.37370,0.78391,1,0.39635,0.72222,0, ,0,,-0.00288,0.35395,20.59054,0.99026,0,0.25857,0.35927,22.55065,0.99026,1,0,0.00000,12,3.81430,0,4.30583,1,0.00000,0,0,0,0,0,0,0.000,1,1,1,1,1,1,1,0,0.00000,0,,17.39714,339.73251,0,
0,test,5468,36.63966,6248980985487,0.37992,0.80123,36.39227,0.24739,114,1,0.38494,0.79662,1,0.44271,0.75000,0, ,0,,-0.00288,0.35395,20.59054,0.94310,0,0.25865,0.35895,23.59537,0.94310,1,0,0.00000,12,3.81430,0,4.47684,1,0.00000,0,0,0,0,0,0,0.000,1,1,1,1,1,1,1,0,0.00000,0,,132.28523,341.95590,0,
0,test,5502,36.86713,6248983260050,0.34603,0.78531,36.64635,0.22077,115,1,0.31243,0.79389,1,0.44844,0.77593,0, ,0,,-0.00288,0.35395,20.59054,0.99836,0,0.25395,0.35820,23.97254,0.99026,1,0,0.00000,12,3.81430,0,4.62338,1,0.00000,0,0,0,0,0,0,0.000,1,1,1,1,1,1,1,0,0.00000,0,,67.30213,165.19858,0,
0,test,5546,37.16217,6248986210619,0.25600,0.79914,36.87440,0.28778,116,1,0.24609,0.81504,1,0.31875,0.76019,0, ,0,,-0.00288,0.35395,20.59054,0.96692,0,0.25064,0.35818,24.07105,0.95882,1,0,0.00000,12,3.81430,0,4.50428,1,0.00000,0,0,0,0,0,0,0.000,1,1,1,1,1,1,1,0,0.00000,0,,173.50166,184.93860,0,
0,test,5587,37.43695,6248988958470,0.26202,0.83455,37.16872,0.26823,117,1,0.36033,0.81002,1,0.33906,0.77593,0, ,0,,-0.00288,0.35395,20.59054,1.03265,0,0.25431,0.35885,24.13431,1.04191,1,0,0.00000,12,3.81430,0,4.62727,1,0.00000,0,0,0,0,0,0,0.000,1,1,1,1,1,1,1,0,0.00000,0,,39.95137,286.81668,0,
0,test,5648,37.84557,6248993044575,0.38951,0.80508,37.46376,0.38181,118,1,0.38728,0.81236,1,0.40990,0.78148,0, ,0,,-0.00288,0.35395,20.59054,0.94310,0,0.25760,0.36026,24.43258,0.94310,1,0,0.00000,12,3.81430,0,4.62408,1,0.00000,0,0,0,0,0,0,0.000,1,1,1,1,1,1,1,0,0.00000,0,,246.84135,7.40832,0,
0,test,5667,37.97287,6248994317547,0.39895,0.84210,37.85210,0.12077,119,1,0.38773,0.86922,1,0.42083,0.78519,0, ,0,,-0.00288,0.35395,20.59054,0.95882,0,0.25646,0.36007,24.51990,0.95882,1,0,0.00000,12,3.81430,0,4.64316,1,0.00000,0,0,0,0,0,0,0.000,1,1,1,1,1,1,1,0,0.00000,0,,43.89806,294.38614,0,
0,test,5684,38.08621,6248995450959,0.35476,0.85485,37.97945,0.10677,120,1,0.23484,0.86797,1,0.42448,0.78519,0, ,0,,-0.00288,0.35395,20.59054,0.94310,0,0.25016,0.36011,24.84232,0.94310,1,0,0.00000,12,3.81430,0,4.85978,1,0.00000,0,0,0,0,0,0,0.000,1,1,1,1,1,1,1,0,0.00000,0,,85.95499,189.21849,0,
0,test,5709,38.25446,6248997133483,0.23103,0.83620,38.11317,0.14129,121,1,0.24480,0.76877,1,0.35104,0.80278,0, ,0,,-0.00288,0.35395,20.59054,1.05177,0,0.24939,0.36025,24.69584,1.05987,1,0,0.00000,12,3.81430,0,4.59856,1,0.00000,0,0,0,0,0,0,0.000,1,1,1,1,1,1,1,0,0.00000,0,,238.41391,175.15370,0,
0,test,5755,38.56165,6249000205374,0.26045,0.83011,38.26070,0.30095,122,1,0.41950,0.69792,1,0.34844,0.79815,0, ,0,,-0.00288,0.35395,20.59054,0.94310,0,0.25676,0.35768,23.02836,0.94310,1,0,0.00000,12,3.81430,0,4.52604,1,0.00000,0,0,0,0,0,0,0.000,1,1,1,1,1,1,1,0,0.00000,0,,56.86805,6.64154,0,
0,test,5788,38.78282,6249002417046,0.48980,0.48561,38.58887,0.19395,123,1,0.42664,0.49520,1,0.50677,0.54167,0, ,0,,-0.00288,0.35395,20.59054,0.98264,0,0.25982,0.35258,20.86931,0.97454,1,0,0.00000,12,3.81430,0,4.17657,1,0.00000,0,0,0,0,0,0,0.000,1,1,1,1,1,1,1,0,0.00000,0,,576.48810,40.19497,0,
0,test,5836,39.10491,6249005638000,0.43601,0.51109,38.78965,0.31525,124,1,0.44919,0.46582,1,0.49323,0.50278,0, ,0,,-0.00288,0.35395,20.59054,1.05117,0,0.25777,0.35182,20.81728,1.04191,1,0,0.00000,12,3.81430,0,4.27271,1,0.00000,0,0,0,0,0,0,0.000,1,1,1,1,1,1,1,0,0.00000,0,,106.88010,194.91997,0,
0,test,5875,39.36830,6249008271841,0.43054,0.52778,39.11143,0.25687,125,1,0.43859,0.55776,1,0.48802,0.50741,0, ,0,,-0.00288,0.35395,20.59054,0.94310,0,0.25772,0.35197,20.20740,0.94310,1,0,0.00000,12,3.81430,0,4.22715,1,0.00000,0,0,0,0,0,0,0.000,1,1,1,1,1,1,1,0,0.00000,0,,20.86167,239.77266,0,
0,test,5899,39.52668,6249009855727,0.42723,0.58156,39.37342,0.15327,126,1,0.38420,0.74917,1,0.48229,0.50926,0, ,0,,-0.00288,0.35395,20.59054,0.98264,0,0.25634,0.35868,22.30440,0.97454,1,0,0.00000,12,3.81430,0,4.22264,1,0.00000,0,0,0,0,0,0,0.000,1,1,1,1,1,1,1,0,0.00000,0,,58.42910,263.75574,0,
0,test,5934,39.76113,6249012200142,0.39687,0.75611,39.55338,0.20775,127,1,0.40362,0.85373,1,0.47396,0.51111,0, ,0,,-0.00288,0.35395,20.59054,0.95072,0,0.25467,0.36083,23.05268,0.95882,1,0,0.00000,12,3.81430,0,4.35262,1,0.00000,0,0,0,0,0,0,0.000,1,1,1,1,1,1,1,0,0.00000,0,,197.32053,252.81763,0,
0,test,5959,39.93511,6249013940000,0.39550,0.81946,39.76799,0.16712,128,1,0.40191,0.76527,1,0.47396,0.51111,0, ,0,,-0.00288,0.35395,20.59054,1.00598,0,0.25411,0.36018,23.68611,1.00598,1,0,0.00000,12,3.81430,0,4.44988,1,0.00000,0,0,0,0,0,0,0.000,1,1,1,1,1,1,1,0,0.00000,0,,68.46851,267.79831,0,
0,test,5981,40.08289,6249015417775,0.40047,0.81505,39.94194,0.14095,129,1,0.38474,0.83441,1,0.47396,0.51111,0, ,0,,-0.00288,0.35395,20.59054,0.99788,0,0.25543,0.35984,22.96438,1.00598,1,0,0.00000,12,3.81430,0,4.28208,1,0.00000,0,0,0,0,0,0,0.000,1,1,1,1,1,1,1,0,0.00000,0,,10.66497,26.52443,0,
0,test,6016,40.31723,6249017761201,0.39453,0.83359,40.08972,0.22752,130,1,0.43455,0.80737,1,0.47396,0.51111,0, ,0,,-0.00288,0.35395,20.59054,0.96692,0,0.25778,0.35986,22.06834,0.95882,1,0,0.00000,12,3.81430,0,4.13841,1,0.00000,0,0,0,0,0,0,0.000,1,1,1,1,1,1,1,0,0.00000,0,,23.04333,240.33501,0,
0,test,6035,40.44444,6249019033232,0.41505,0.77409,40.32391,0.12053,131,1,0.41169,0.61967,1,0.47396,0.51111,0, ,0,,-0.00288,0.35395,20.59054,0.99836,0,0.25704,0.35233,19.70602,0.99026,1,0,0.00000,12,3.81430,0,4.18563,1,0.00000,0,0,0,0,0,0,0.000,1,1,1,1,1,1,1,0,0.00000,0,,75.37621,58.48715,0,
0,test,6085,40.77938,6249022382623,0.41565,0.51736,40.47141,0.30798,132,1,0.43890,0.48456,1,0.47396,0.51111,0, ,0,,-0.00288,0.35395,20.59054,0.94310,0,0.25751,0.35114,19.72919,0.94310,1,0,0.00000,12,3.81430,0,4.11691,1,0.00000,0,0,0,0,0,0,0.000,1,1,1,1,1,1,1,0,0.00000,0,,277.27081,89.76194,0,
0,test,6127,41.06081,6249025197015,0.43866,0.46798,40.78593,0.27488,133,1,0.44915,0.51318,1,0.48594,0.50833,0, ,0,,-0.00288,0.35395,20.59054,0.94310,0,0.25919,0.35135,19.10039,0.94310,1,0,0.00000,12,3.81430,0,3.95115,1,0.00000,0,0,0,0,0,0,0.000,1,1,1,1,1,1,1,0,0.00000,0,,69.25262,50.36149,0,
0,test,6160,41.28138,6249027402628,0.43578,0.47972,41.06851,0.21287,134,1,0.42028,0.51808,1,0.48542,0.50833,0, ,0,,-0.00288,0.35395,20.59054,0.94310,0,0.25897,0.35159,19.02099,0.94310,1,0,0.00000,12,3.81430,0,3.78434,1,0.00000,0,0,0,0,0,0,0.000,1,1,1,1,1,1,1,0,0.00000,0,,13.83252,246.43721,0,
0,test,6198,41.53629,6249029951765,0.42787,0.52011,41.28825,0.24805,135,1,0.44203,0.55717,1,0.48073,0.52685,0, ,0,,-0.00288,0.35395,20.59054,0.94310,0,0.25549,0.35192,18.51972,0.94310,1,0,0.00000,12,3.81430,0,3.59012,1,0.00000,0,0,0,0,0,0,0.000,1,1,1,1,1,1,1,0,0.00000,0,,46.18939,250.80396,0,
0,test,6224,41.71015,6249031690368,0.43505,0.56389,41.54277,0.16738,136,1,0.46359,0.48841,1,0.46406,0.67315,0, ,0,,-0.00288,0.35395,20.59054,1.04415,0,0.25213,0.35192,18.62358,1.04415,1,0,0.00000,12,3.81430,0,3.62752,1,0.00000,0,0,0,0,0,0,0.000,1,1,1,1,1,1,1,0,0.00000,0,,49.25102,286.25452,0,
0,test,6237,41.79726,6249032561363,0.33949,0.72477,41.71690,0.08035,137,1,0.28004,0.81823,1,0.44948,0.70093,0, ,0,,-0.00288,0.35395,20.59054,0.94310,0,0.24661,0.35876,18.94214,0.94310,1,0,0.00000,12,3.81430,0,3.63807,1,0.00000,0,0,0,0,0,0,0.000,1,1,1,1,1,1,1,0,0.00000,0,,252.69026,223.44061,0,
0,test,6264,41.97827,6249034371550,0.30871,0.77950,41.80399,0.17428,138,1,0.32616,0.67219,1,0.41615,0.73889,0, ,0,,-0.00288,0.35395,20.59054,0.98264,0,0.24788,0.35595,19.54747,0.97454,1,0,0.00000,12,3.81430,0,3.75970,1,0.00000,0,0,0,0,0,0,0.000,1,1,1,1,1,1,1,0,0.00000,0,,83.58426,225.00523,0,
0,test,6300,42.21925,6249036781391,0.31136,0.71777,41.98547,0.23379,139,1,0.28932,0.80683,1,0.39635,0.74630,0, ,0,,-0.00288,0.35395,20.59054,0.96644,0,0.24925,0.35857,19.71690,0.97454,1,0,0.00000,12,3.81430,0,3.94916,1,0.00000,0,0,0,0,0,0,0.000,1,1,1,1,1,1,1,0,0.00000,0,,66.86227,85.63575,0,
0,test,6328,42.40669,6249038655805,0.28065,0.85317,42.24648,0.16022,140,1,0.28789,0.79778,1,0.38177,0.77222,0, ,0,,-0.00288,0.35395,20.59054,1.05061,0,0.24994,0.36042,21.35377,1.05987,1,0,0.00000,12,3.81430,0,4.01410,1,0.00000,0,0,0,0,0,0,0.000,1,1,1,1,1,1,1,0,0.00000,0,,157.67201,248.03986,0,
0,test,6359,42.61491,6249040737892,0.27246,0.79906,42.41333,0.20157,141,1,0.28914,0.80204,1,0.37448,0.75278,0, ,0,,-0.00288,0.35395,20.59054,0.95882,0,0.24788,0.35768,20.71231,0.95882,1,0,0.00000,12,3.81430,0,4.09189,1,0.00000,0,0,0,0,0,0,0.000,1,1,1,1,1,1,1,0,0.00000,0,,60.51742,105.06046,0,
0,test,6393,42.84248,6249043013622,0.28447,0.69582,42.62154,0.22095,142,1,0.23191,0.62141,1,0.34792,0.66574,0, ,0,,-0.00288,0.35395,20.59054,1.00598,0,0.24435,0.35447,21.20852,1.00598,1,0,0.00000,12,3.81430,0,4.00262,1,0.00000,0,0,0,0,0,0,0.000,1,1,1,1,1,1,1,0,0.00000,0,,113.85867,78.31539,0,
0,test,6441,43.16409,6249046229716,0.25306,0.65139,42.84905,0.31503,143,1,0.27746,0.66766,1,0.33698,0.63056,0, ,0,,-0.00288,0.35395,20.59054,0.94310,0,0.24573,0.35387,20.39959,0.94310,1,0,0.00000,12,3.81430,0,3.95830,1,0.00000,0,0,0,0,0,0,0.000,1,1,1,1,1,1,1,0,0.00000,0,,77.06785,141.49193,0,
0,test,6461,43.29803,6249047569186,0.28529,0.63568,43.17085,0.12719,144,1,0.33128,0.57402,1,0.34271,0.62500,0, ,0,,-0.00288,0.35395,20.59054,0.99026,0,0.24989,0.35234,19.54656,0.99026,1,0,0.00000,12,3.81430,0,3.87264,1,0.00000,0,0,0,0,0,0,0.000,1,1,1,1,1,1,1,0,0.00000,0,,64.16547,15.33264,0,
0,test,6494,43.51860,6249049774890,0.35778,0.59231,43.30471,0.21389,145,1,0.38468,0.50987,1,0.40417,0.53704,0, ,0,,-0.00288,0.35395,20.59054,1.00598,0,0.25017,0.35014,19.65012,1.00598,1,0,0.00000,12,3.81430,0,3.86517,1,0.00000,0,0,0,0,0,0,0.000,1,1,1,1,1,1,1,0,0.00000,0,,146.85107,18.60003,0,
0,test,6511,43.63282,6249050917143,0.37679,0.57139,43.52564,0.10719,146,1,0.33348,0.62396,1,0.40417,0.52593,0, ,0,,-0.00288,0.35395,20.59054,1.02679,0,0.24962,0.35028,19.63307,1.04415,1,0,0.00000,12,3.81430,0,3.77279,1,0.00000,0,0,0,0,0,0,0.000,1,1,1,1,1,1,1,0,0.00000,0,,42.92621,31.75825,0,
0,test,6566,44.00135,6249054602368,0.34283,0.55063,43.65984,0.34151,147,1,0.36226,0.71570,1,0.40000,0.51481,0, ,0,,-0.00288,0.35395,20.59054,0.99026,0,0.24948,0.35294,19.02556,0.99026,1,0,0.00000,12,3.81430,0,3.82520,1,0.00000,0,0,0,0,0,0,0.000,1,1,1,1,1,1,1,0,0.00000,0,,68.95034,161.02390,0,
0,test,6630,44.43066,6249058895331,0.33330,0.65003,44.02818,0.40247,148,1,0.38858,0.57482,1,0.40000,0.51389,0, ,0,,-0.00288,0.35395,20.59054,1.03265,0,0.25414,0.35428,19.93265,1.04191,1,0,0.00000,11,3.81430,0,3.92421,1,0.00000,0,0,0,0,0,0,0.000,1,1,1,1,1,1,1,0,0.00000,0,,108.90025,260.32718,0,
0,test,6664,44.65930,6249061181833,0.37596,0.60238,44.43620,0.22311,149,1,0.37524,0.44710,1,0.41979,0.52315,0, ,0,,-0.00288,0.35395,20.59054,1.00598,0,0.25419,0.35025,19.90980,1.00598,1,0,0.00000,11,3.81430,0,4.05080,1,0.00000,0,0,0,0,0,0,0.000,1,1,1,1,1,1,1,0,0.00000,0,,96.73228,32.14101,0,
0,test,6751,45.24050,6249066993859,0.38146,0.48416,44.66518,0.57532,150,1,0.39541,0.49495,1,0.44063,0.51574,0, ,0,,-0.00288,0.35395,20.59054,1.00598,0,0.25563,0.35237,19.69744,1.00598,1,0,0.00000,11,3.81430,0,4.00494,1,0.00000,0,0,0,0,0,0,0.000,1,1,1,1,1,1,1,0,0.00000,0,,128.11351,85.27193,0,
0,test,6771,45.37415,6249068330331,0.39646,0.51374,45.24786,0.12628,151,1,0.37609,0.69542,0,0.44063,0.51574,0, ,0,,-0.00288,0.35395,20.59054,1.00598,0,0.24984,0.32353,13.82556,1.00598,0,0,0.00000,11,3.81430,0,2.74281,0,0.00000,0,0,0,0,0,0,0.000,1,1,1,1,1,1,1,0,0.00000,0,,43.01177,312.03494,0,
0,test,6811,45.66274,6249071216263,0.38071,0.56210,45.52232,0.14042,152,1,0.36653,0.63275,1,0.44063,0.51574,0, ,0,,-0.00288,0.35395,20.59054,1.02679,0,0.25546,0.35395,20.32638,1.04415,1,0,0.00000,12,3.81430,0,3.93432,1,0.00000,0,0,0,0,0,0,0.000,1,1,1,1,1,1,1,0,0.00000,0,,60.35147,239.92953,0,
0,test,6832,45.80316,6249072620460,0.37096,0.60907,45.66946,0.13371,153,1,0.36123,0.65630,1,0.44063,0.51574,0, ,0,,-0.00288,0.35395,20.59054,1.03320,0,0.25553,0.35456,20.72455,1.02394,1,0,0.00000,12,3.81430,0,4.12855,1,0.00000,0,0,0,0,0,0,0.000,1,1,1,1,1,1,1,0,0.00000,0,,54.07152,249.74440,0,
0,test,6855,45.95742,6249074163054,0.38310,0.63069,45.80941,0.14800,154,1,0.48425,0.53154,1,0.44063,0.51574,0, ,0,,-0.00288,0.35395,20.59054,1.07784,0,0.25857,0.35483,20.55258,1.07784,1,0,0.00000,12,3.81430,0,4.19008,1,0.00000,0,0,0,0,0,0,0.000,1,1,1,1,1,1,1,0,0.00000,0,,32.99252,314.94992,0,
0,test,6885,46.15768,6249076165562,0.47641,0.58338,45.96397,0.19370,155,1,0.48079,0.45892,1,0.50000,0.52500,0, ,0,,-0.00288,0.35395,20.59054,0.99311,0,0.25776,0.35105,20.06458,1.01047,1,0,0.00000,12,3.81430,0,3.99429,1,0.00000,0,0,0,0,0,0,0.000,1,1,1,1,1,1,1,0,0.00000,0,,186.29889,15.91809,0,
0,test,6927,46.43951,6249078983886,0.47804,0.46090,46.16489,0.27462,156,1,0.49232,0.45803,1,0.51719,0.49815,0, ,0,,-0.00288,0.35395,20.59054,1.00598,0,0.25686,0.35174,20.38778,1.00598,1,0,0.00000,12,3.81430,0,3.90533,1,0.00000,0,0,0,0,0,0,0.000,1,1,1,1,1,1,1,0,0.00000,0,,132.31537,88.64469,0,
0,test,6948,46.57993,6249080388132,0.48049,0.46702,46.44586,0.13406,157,1,0.47832,0.64426,1,0.51719,0.49815,0, ,0,,-0.00288,0.35395,20.59054,0.98264,0,0.25665,0.35499,20.19842,0.97454,1,0,0.00000,12,3.81430,0,3.87859,1,0.00000,0,0,0,0,0,0,0.000,1,1,1,1,1,1,1,0,0.00000,0,,8.11259,305.43909,0,
0,test,6972,46.74368,6249082025638,0.46857,0.61402,46.60701,0.13666,158,1,0.47542,0.52630,1,0.51458,0.49444,0, ,0,,-0.00288,0.35395,20.59054,1.07784,0,0.25621,0.35479,20.66772,1.07784,1,0,0.00000,12,3.81430,0,3.97383,1,0.00000,0,0,0,0,0,0,0.000,1,1,1,1,1,1,1,0,0.00000,0,,160.40114,261.79694,0,
0,test,6990,46.86216,6249083210506,0.46360,0.61261,46.74961,0.11256,159,1,0.47691,0.64737,1,0.51302,0.49259,0, ,0,,-0.00288,0.35395,20.59054,0.96644,0,0.25580,0.35465,20.92380,0.97454,1,0,0.00000,12,3.81430,0,4.20585,1,0.00000,0,0,0,0,0,0,0.000,1,1,1,1,1,1,1,0,0.00000,0,,9.66317,170.93289,0,
0,test,7018,47.04907,6249085079562,0.46519,0.61688,46.86808,0.18098,160,1,0.45144,0.67232,1,0.51302,0.49259,0, ,0,,-0.00288,0.35395,20.59054,0.96692,0,0.25782,0.35562,21.48217,0.95882,1,0,0.00000,12,3.81430,0,4.28583,1,0.00000,0,0,0,0,0,0,0.000,1,1,1,1,1,1,1,0,0.00000,0,,5.53053,303.50366,0,
0,test,7080,47.46429,6249089231754,0.47836,0.60486,47.05825,0.40604,161,1,0.58356,0.66665,1,0.53854,0.59352,0, ,0,,-0.00288,0.35395,20.59054,1.02783,0,0.26477,0.35877,21.23220,1.01047,1,0,0.00000,12,3.81430,0,4.21879,1,0.00000,0,0,0,0,0,0,0.000,1,1,1,1,1,1,1,0,0.00000,0,,28.42400,27.17525,0,
0,test,7111,47.67160,6249091304835,0.59859,0.67138,47.49086,0.18073,162,1,0.59853,0.61609,1,0.52865,0.66759,0, ,0,,-0.00288,0.35395,20.59054,0.99415,0,0.26679,0.35660,21.10894,0.97678,1,0,0.00000,12,3.81430,0,4.12850,1,0.00000,0,0,0,0,0,0,0.000,1,1,1,1,1,1,1,0,0.00000,0,,241.76248,342.71301,0,
0,test,7150,47.93275,6249093916279,0.58685,0.60400,47.67834,0.25440,163,1,0.52797,0.60505,1,0.52760,0.66759,0, ,0,,-0.00288,0.35395,20.59054,0.98216,0,0.26598,0.35724,21.60569,0.99026,1,0,0.00000,12,3.81430,0,4.36016,1,0.00000,0,0,0,0,0,0,0.000,1,1,1,1,1,1,1,0,0.00000,0,,76.18156,107.21054,0,
0,test,7228,48.45570,6249099145833,0.53425,0.62873,47.94007,0.51562,164,1,0.54019,0.58647,1,0.52396,0.66481,0, ,0,,-0.00288,0.35395,20.59054,1.00598,0,0.26758,0.35735,20.61308,1.00598,1,0,0.00000,12,3.81430,0,4.07960,1,0.00000,0,0,0,0,0,0,0.000,1,1,1,1,1,1,1,0,0.00000,0,,104.46394,194.81337,0,
0,test,7270,48.73676,6249101956502,0.53816,0.58499,48.46244,0.27431,165,1,0.51712,0.63733,1,0.51979,0.67222,0, ,0,,-0.00288,0.35395,20.59054,0.96692,0,0.26854,0.35750,22.02870,0.95882,1,0,0.00000,12,3.81430,0,4.32281,1,0.00000,0,0,0,0,0,0,0.000,1,1,1,1,1,1,1,0,0.00000,0,,47.83194,80.97012,0,
0,test,7292,48.88477,6249103436594,0.51367,0.65192,48.74377,0.14101,166,1,0.50735,0.71383,1,0.51615,0.67685,0, ,0,,-0.00288,0.35395,20.59054,0.94310,0,0.26869,0.35800,21.60942,0.94310,1,0,0.00000,11,3.81430,0,4.37011,1,0.00000,0,0,0,0,0,0,0.000,1,1,1,1,1,1,1,0,0.00000,0,,86.23213,236.95612,0,
0,test,7312,49.01814,6249104770166,0.48863,0.68378,48.89059,0.12755,167,1,0.34573,0.64415,1,0.50625,0.69630,0, ,0,,-0.00288,0.35395,20.59054,0.96692,0,0.26232,0.35753,21.92531,0.95882,1,0,0.00000,11,3.81430,0,4.50844,1,0.00000,0,0,0,0,0,0,0.000,1,1,1,1,1,1,1,0,0.00000,0,,59.12148,215.59146,0,
0,test,7334,49.16597,6249106248608,0.35811,0.64988,49.05149,0.11449,168,1,0.42594,0.65386,1,0.50625,0.69630,0, ,0,,-0.00288,0.35395,20.59054,0.99026,0,0.26463,0.35686,21.83463,0.99026,1,0,0.00000,11,3.81430,0,4.14950,1,0.00000,0,0,0,0,0,0,0.000,1,1,1,1,1,1,1,0,0.00000,0,,253.25874,171.68799,0,
0,test,7374,49.43346,6249108923451,0.43161,0.66709,49.17192,0.26153,169,1,0.52952,0.61400,1,0.50417,0.71389,0, ,0,,-0.00288,0.35395,20.59054,1.00598,0,0.26759,0.35640,20.58185,1.00598,1,0,0.00000,11,3.81430,0,4.05494,1,0.00000,0,0,0,0,0,0,0.000,1,1,1,1,1,1,1,0,0.00000,0,,142.33870,352.49680,0,
0,test,7415,49.70818,6249111670577,0.53394,0.62760,49.44017,0.26801,170,1,0.51079,0.67406,1,0.47031,0.79352,0, ,0,,-0.00288,0.35395,20.59054,0.99836,0,0.26545,0.35738,20.52880,0.99026,1,0,0.00000,11,3.81430,0,4.03492,1,0.00000,0,0,0,0,0,0,0.000,1,1,1,1,1,1,1,0,0.00000,0,,201.04935,12.24737,0,
0,test,7463,50.02948,6249114883681,0.34384,0.88685,49.73476,0.29472,171,1,0.34926,0.92570,1,0.44635,0.87315,0, ,0,,-0.00288,0.35395,20.59054,0.95120,0,0.26460,0.36248,22.57244,0.94310,1,0,0.00000,11,3.81430,0,4.23758,1,0.00000,0,0,0,0,0,0,0.000,1,1,1,1,1,1,1,0,0.00000,0,,460.01468,217.49228,0,
0,test,7482,50.15683,6249116157150,0.35620,0.96073,50.03642,0.12041,172,1,0.54625,1.27208,0,0.44583,0.87778,0, ,0,,-0.00288,0.35395,20.59054,1.07784,0,0.27459,0.36230,10.38186,1.07784,0,0,0.00000,11,3.81430,0,2.32915,0,0.00000,0,0,0,0,0,0,0.000,1,1,1,1,1,1,1,0,0.00000,0,,83.24469,286.56348,0,
0,test,7538,50.53194,6249119908249,0.66900,0.47654,50.28423,0.24771,173,1,0.65470,0.44724,1,0.56302,0.85741,0, ,0,,0.00087,0.35405,20.93282,0.99787,1,0.27457,0.35439,20.77903,1.00598,1,0,0.00000,12,4.24369,1,4.16432,1,0.00000,0,0,0,0,0,0,0.000,1,1,1,1,1,1,1,0,0.00000,0,,796.33057,41.04628,0,
0,test,7561,50.68630,6249121451896,0.64839,0.46386,50.53923,0.14706,174,1,0.54170,0.56504,1,0.61302,0.86296,0, ,0,,0.00261,0.35380,14.88384,0.94310,1,0.27275,0.35411,20.50236,0.94310,1,0,0.00000,12,3.61920,1,4.32673,1,0.00000,0,0,0,0,0,0,0.000,1,1,1,1,1,1,1,0,0.00000,0,,41.87390,160.91084,0,
0,test,7582,50.82687,6249122857593,0.48956,0.48504,50.71310,0.11377,175,1,0.46927,0.48904,1,0.63229,0.87037,0, ,0,,0.00000,0.35357,13.59638,1.00598,0,0.26819,0.35372,21.09160,1.00598,1,0,0.00000,12,3.36541,0,4.48719,1,0.00000,0,0,0,0,0,0,0.000,1,1,1,1,1,1,1,0,0.00000,0,,305.81030,184.28970,0,
0,test,7605,50.98072,6249124396049,0.49444,0.49658,50.83321,0.14751,176,1,0.53479,0.48134,1,0.46615,0.85185,0, ,0,,0.00000,0.35357,13.59638,0.99311,0,0.26993,0.35330,21.28041,1.01047,1,0,0.00000,12,3.36541,0,4.16143,1,0.00000,0,0,0,0,0,0,0.000,1,1,1,1,1,1,1,0,0.00000,0,,15.59231,306.93509,0,
0,test,7646,51.25600,6249127148705,0.53059,0.49529,50.98770,0.26829,177,1,0.40667,0.42296,1,0.45625,0.79907,0, ,0,,0.00259,0.35251,11.93778,0.94310,0,0.26419,0.34997,21.10521,0.94310,1,0,0.00000,12,3.21273,0,4.36634,1,0.00000,0,0,0,0,0,0,0.000,1,1,1,1,1,1,1,0,0.00000,0,,69.42200,1.14991,0,
0,test,7687,51.53017,6249129890587,0.30640,0.17452,51.30244,0.22773,178,1,0.21440,0.10280,1,0.46667,0.66111,0, ,0,,0.00259,0.35251,11.93778,1.00598,0,0.25561,0.34621,22.38928,1.00598,1,0,0.00000,12,3.21273,0,4.50993,1,0.00000,0,0,0,0,0,0,0.000,1,1,1,1,1,1,1,0,0.00000,0,,552.53741,141.17212,0,
0,test,7723,51.77328,6249132321691,0.23784,0.15609,51.53694,0.23634,179,1,0.22962,0.07580,1,0.45469,0.64352,0, ,0,,0.00259,0.35251,11.93778,1.02679,0,0.25406,0.34613,22.04471,1.04415,1,0,0.00000,12,3.21273,0,4.53869,1,0.00000,0,0,0,0,0,0,0.000,1,1,1,1,1,1,1,0,0.00000,0,,133.13158,171.40152,0,
0,test,7739,51.88008,6249133389709,0.21190,0.20663,51.77921,0.10088,180,1,0.19539,0.33084,1,0.38125,0.49907,0, ,0,,0.00259,0.35251,11.93778,0.95120,0,0.25086,0.34839,21.72361,0.94310,1,0,0.00000,12,3.21273,0,4.13385,1,0.00000,0,0,0,0,0,0,0.000,1,1,1,1,1,1,1,0,0.00000,0,,73.89075,227.62090,0,
0,test,7766,52.05916,6249135180510,0.19551,0.28337,51.88527,0.17389,181,1,0.16861,0.19395,1,0.25625,0.15370,0, ,0,,0.00259,0.35251,11.93778,1.07783,0,0.24609,0.34732,21.71064,1.07783,1,0,0.00000,12,3.21273,0,4.13397,1,0.00000,0,0,0,0,0,0,0.000,1,1,1,1,1,1,1,0,0.00000,0,,88.65237,249.20850,0,
0,test,7786,52.19543,6249136543262,0.21206,0.23835,52.06602,0.12941,182,1,0.21671,0.10772,1,0.25625,0.17685,0, ,0,,0.00259,0.35251,11.93778,0.98216,0,0.24305,0.34326,21.84818,0.99026,1,0,0.00000,11,3.21273,0,4.48947,1,0.00000,0,0,0,0,0,0,0.000,1,1,1,1,1,1,1,0,0.00000,0,,58.08418,56.83390,0,
0,test,7837,52.53464,6249139935267,0.23388,0.13365,52.22006,0.31458,183,1,0.19950,0.28408,1,0.26146,0.18148,0, ,0,,0.00259,0.35251,11.93778,0.94310,0,0.24039,0.34314,21.29412,0.94310,1,0,0.00000,11,3.21273,0,4.51344,1,0.00000,0,0,0,0,0,0,0.000,1,1,1,1,1,1,1,0,0.00000,0,,120.58739,69.67046,0,
0,test,7857,52.66901,6249141278907,0.21989,0.25850,52.54118,0.12782,184,1,0.22055,0.29663,1,0.26562,0.21111,0, ,0,,0.00259,0.35251,11.93778,0.94310,0,0.24075,0.34478,22.77711,0.94310,1,0,0.00000,11,3.21273,0,4.38039,1,0.00000,0,0,0,0,0,0,0.000,1,1,1,1,1,1,1,0,0.00000,0,,137.48743,258.73370,0,
0,test,7888,52.87697,6249143358521,0.20179,0.22865,52.67569,0.20128,185,1,0.19956,0.15480,1,0.26198,0.29259,0, ,0,,0.00259,0.35251,11.93778,1.07783,0,0.24204,0.34511,22.14200,1.07783,1,0,0.00000,11,3.21273,0,4.36242,1,0.00000,0,0,0,0,0,0,0.000,1,1,1,1,1,1,1,0,0.00000,0,,47.40243,137.14915,0,
0,test,7903,52.97708,6249144359703,0.19255,0.24569,52.88338,0.09370,186,1,0.18317,0.30197,1,0.26198,0.29259,0, ,0,,0.00259,0.35251,11.93778,0.94310,0,0.24145,0.34519,22.56014,0.94310,1,0,0.00000,11,3.21273,0,4.41142,1,0.00000,0,0,0,0,0,0,0.000,1,1,1,1,1,1,1,0,0.00000,0,,25.56196,226.04997,0,
0,test,7925,53.12416,6249145830475,0.19510,0.26825,52.98741,0.13675,187,1,0.20932,0.13454,1,0.26198,0.29259,0, ,0,,0.00259,0.35251,11.93778,1.06047,0,0.24205,0.34489,22.58905,1.07783,1,0,0.00000,10,3.21273,0,4.47380,1,0.00000,0,0,0,0,0,0,0.000,1,1,1,1,1,1,1,0,0.00000,0,,24.85182,281.36194,0,
0,test,7939,53.21834,6249146772293,0.18509,0.27423,53.13084,0.08749,188,1,0.19490,0.27621,1,0.25156,0.29444,0, ,0,,0.00259,0.35251,11.93778,0.94310,0,0.24225,0.34488,22.67897,0.94310,1,0,0.00000,10,3.21273,0,4.39468,1,0.00000,0,0,0,0,0,0,0.000,1,1,1,1,1,1,1,0,0.00000,0,,20.27530,198.57439,0,
0,test,7962,53.37227,6249148311467,0.20260,0.24491,53.22491,0.14735,189,1,0.20126,0.28168,1,0.25000,0.29444,0, ,0,,0.00259,0.35251,11.93778,0.94310,0,0.24169,0.34499,22.62074,0.94310,1,0,0.00000,10,3.21273,0,4.49094,1,0.00000,0,0,0,0,0,0,0.000,1,1,1,1,1,1,1,0,0.00000,0,,46.18398,43.28597,0,
0,test,8004,53.65363,6249151125162,0.22317,0.25792,53.37878,0.27484,190,1,0.22532,0.28987,1,0.26510,0.29630,0, ,0,,0.00259,0.35251,11.93778,0.96644,0,0.24173,0.34418,22.29667,0.97454,1,0,0.00000,10,3.21273,0,4.42432,1,0.00000,0,0,0,0,0,0,0.000,1,1,1,1,1,1,1,0,0.00000,0,,41.91934,340.41614,0,
0,test,8046,53.93504,6249153939247,0.22945,0.25344,53.66028,0.27477,191,1,0.22101,0.28629,1,0.34844,0.34167,0, ,0,,0.00259,0.35251,11.93778,0.94310,0,0.24147,0.34451,22.51496,0.94310,1,0,0.00000,9,3.21273,0,4.51394,1,0.00000,0,0,0,0,0,0,0.000,1,1,1,1,1,1,1,0,0.00000,0,,12.99216,21.86431,0,
0,test,8086,54.20296,6249156618355,0.22603,0.26869,53.94170,0.26126,192,1,0.20886,0.31023,1,0.34323,0.33889,0, ,0,,0.00259,0.35251,11.93778,0.94310,0,0.24038,0.34442,22.89800,0.94310,1,0,0.00000,9,3.21273,0,4.50697,1,0.00000,0,0,0,0,0,0,0.000,1,1,1,1,1,1,1,0,0.00000,0,,17.73072,248.26338,0,
0,test,8118,54.41702,6249158759121,0.19414,0.26669,54.20969,0.20734,193,1,0.18841,0.23414,1,0.27240,0.28981,0, ,0,,0.00259,0.35251,11.93778,1.05116,0,0.23939,0.34537,23.49788,1.04190,1,0,0.00000,9,3.21273,0,4.55804,1,0.00000,0,0,0,0,0,0,0.000,1,1,1,1,1,1,1,0,0.00000,0,,61.26688,177.97958,0,
0,test,8143,54.58466,6249160435423,0.20124,0.29789,54.42369,0.16096,194,1,0.20270,0.21346,1,0.26354,0.28981,0, ,0,,0.00259,0.35251,11.93778,1.05061,0,0.23967,0.34484,23.07656,1.05987,1,0,0.00000,9,3.21273,0,4.58617,1,0.00000,0,0,0,0,0,0,0.000,1,1,1,1,1,1,1,0,0.00000,0,,36.34907,292.02615,0,
0,test,8160,54.69847,6249161573564,0.18978,0.25684,54.59088,0.10759,195,1,0.19357,0.34103,1,0.23438,0.29537,0, ,0,,0.00259,0.35251,11.93778,0.94310,0,0.24008,0.34428,23.63014,0.94310,1,0,0.00000,9,3.21273,0,4.51635,1,0.00000,0,0,0,0,0,0,0.000,1,1,1,1,1,1,1,0,0.00000,0,,49.49392,116.39543,0,
0,test,8206,55.00667,6249164655495,0.34503,0.94046,54.78607,0.22060,196,1,0.33557,0.89084,1,0.51094,0.90000,0, ,0,,0.00259,0.35251,11.93778,1.00597,0,0.25023,0.35948,23.65221,1.00597,1,0,0.00000,8,3.21273,0,4.51308,1,0.00000,0,0,0,0,0,0,0.000,1,1,1,1,1,1,1,0,0.00000,0,,796.21155,291.98557,0,
0,test,8238,55.22083,6249166797152,0.34178,0.89751,55.01315,0.20767,197,1,0.32809,0.68748,1,0.50937,0.86759,0, ,0,,0.00259,0.35251,11.93778,0.94310,0,0.24932,0.35382,24.30556,0.94310,1,0,0.00000,8,3.21273,0,4.52722,1,0.00000,0,0,0,0,0,0,0.000,1,1,1,1,1,1,1,0,0.00000,0,,46.80388,97.66167,0,
0,test,8283,55.52245,6249169813346,0.20005,0.26364,55.26802,0.25443,198,1,0.20751,0.24871,1,0.44063,0.74907,0, ,0,,0.00259,0.35251,11.93778,1.02783,0,0.23728,0.34420,22.29967,1.01047,1,0,0.00000,8,3.21273,0,4.29293,1,0.00000,0,0,0,0,0,0,0.000,1,1,1,1,1,1,1,0,0.00000,0,,736.68134,111.67791,0,
0,test,8297,55.61630,6249170751939,0.29619,0.24757,55.52917,0.08713,199,1,0.40824,0.20840,1,0.43698,0.74537,0, ,0,,0.00259,0.35251,11.93778,1.04415,0,0.24265,0.34316,22.48460,1.04415,1,0,0.00000,8,3.21273,0,4.29635,1,0.00000,0,0,0,0,0,0,0.000,1,1,1,1,1,1,1,0,0.00000,0,,185.40292,5.37133,0,
0,test,8316,55.74347,6249172023576,0.45299,0.22683,55.64323,0.10023,200,1,0.56818,0.18675,1,0.42396,0.73981,0, ,0,,0.00259,0.35251,11.93778,1.00597,0,0.24676,0.34160,23.10352,1.00597,1,0,0.00000,8,3.21273,0,4.51448,1,0.00000,0,0,0,0,0,0,0.000,1,1,1,1,1,1,1,0,0.00000,0,,301.88809,4.25508,0,
0,test,8348,55.95732,6249174162073,0.55547,0.20130,55.74991,0.20741,201,1,0.51708,0.13041,1,0.45104,0.64907,0, ,0,,0.00259,0.35251,11.93778,1.01468,0,0.24616,0.34126,22.89976,1.02394,1,0,0.00000,8,3.21273,0,4.46763,1,0.00000,0,0,0,0,0,0,0.000,1,1,1,1,1,1,1,0,0.00000,0,,198.68414,7.97697,0,
0,test,8371,56.11137,6249175702525,0.48942,0.14247,55.96426,0.14711,202,1,0.36066,0.03814,1,0.49792,0.45370,0, ,0,,0.00259,0.35251,11.93778,1.00597,0,0.24177,0.33907,23.47937,1.00597,1,0,0.00000,7,3.21273,0,4.43275,1,0.00000,0,0,0,0,0,0,0.000,1,1,1,1,1,1,1,0,0.00000,0,,141.84209,153.38857,0,
0,test,8391,56.24582,6249177047109,0.33767,0.05946,56.13823,0.10759,203,1,0.34529,0.12062,1,0.35729,0.23796,0, ,0,,0.00259,0.35251,11.93778,0.94310,0,0.24146,0.33884,22.99907,0.94310,1,0,0.00000,7,3.21273,0,4.50848,1,0.00000,0,0,0,0,0,0,0.000,1,1,1,1,1,1,1,0,0.00000,0,,304.84079,162.89699,0,
0,test,8450,56.64108,6249180999659,0.34812,0.06698,56.25238,0.38870,204,1,0.34673,0.10871,1,0.37240,0.09444,0, ,0,,0.00259,0.35251,11.93778,0.94310,0,0.23760,0.33778,23.07526,0.94310,1,0,0.00000,7,3.21273,0,4.50158,1,0.00000,0,0,0,0,0,0,0.000,1,1,1,1,1,1,1,0,0.00000,0,,21.64539,337.96262,0,